Livre de codes;;;;
;;;;
;;;;
record;;;;
;;Valeur;;
Attributs standard;Libell√;record: Record number;;
;;;;
date;;;;
;;Valeur;;
Attributs standard;Libell√;date: Completion time and date;;
N;Valide;2002;;
;Manquant;0;;
;;;;
QLANG;;;;
;;Valeur;Nombre;
Attributs standard;Libell√;QLANG: Pr√©f√©reriez-vous r√©pondre √† ce questionnaire en anglais ou en fran√ßais? Would you prefer to complete the survey in English or Fr;;
Valeurs valides;1;English / Anglais;1638;
;2;Fran√ßais / Frenc;364;
;;;;
Q1;;;;
;;Valeur;Nombre;
Attributs standard;Libell√;Q1: √Ä quelle fr√©quence faites-vous l‚Äô√©picerie pour votre m√;;
Valeurs valides;1;Jamais;0;
;2;Rarement;0;
;3;Occasionnellement;243;
;4;Souvent;618;
;5;Toujours;1142;
;;;;
PROV;;;;
;;Valeur;Nombre;
Attributs standard;Libell√;PROV: Quelle est votre province/territoire de r√©sidence;;
Valeurs valides;1;Colombie-Britannique;272;
;2;Alberta;225;
;3;Saskatchewan;60;
;4;Manitoba;70;
;5;Ontario;768;
;6;Qu√©be;470;
;7;Nouveau-Brunswick;44;
;8;Nouvelle-√âcoss;54;
;9;Ile-du-Prince-√âdouar;8;
;10;Terre-Neuve;31;
;11;Territoires du Nord-Ouest;0;
;12;Yukon;0;
;13;Nunavut;0;
;;;;
PROV2;;;;
;;Valeur;Nombre;
Attributs standard;Libell√;PROV2: PROVINCE AVEC REGROUPEMENT POUR PRAIRIES & MARITIMES;;
Valeurs valides;1;Colombie-Britannique;272;
;2;Alberta;225;
;3;Prairies;131;
;4;Ontario;768;
;5;Qu√©be;470;
;6;Canada Atlantique;138;
;7;Territoires du Nord Ouest;0;
;8;Yukon;0;
;9;Nunavut;0;
;;;;
QAB;;;;
;;Valeur;Nombre;
Attributs standard;Libell√;QAB: Dans quelle r√©gion de l'Alberta demeurez-vous;;
Valeurs valides;61;Calgary;77;
;62;Edmonton;73;
;63;Autre r√©gion de l'Albert;75;
Valeurs manquantes;Syst√®m;;1777;
;;;;
QBC;;;;
;;Valeur;Nombre;
Attributs standard;Libell√;QBC: Dans quelle r√©gion de la Colombie-Britannique habitez-vous;;
Valeurs valides;70;R√©gion du Grand Vancouve;144;
;71;Autre r√©gion de Colombie-Britanniqu;128;
Valeurs manquantes;Syst√®m;;1730;
;;;;
QON;;;;
;;Valeur;Nombre;
Attributs standard;Libell√;QON: Dans quelle r√©gion de l'Ontario demeurez-vous;;
Valeurs valides;50;Hamilton - Peninsule Niagara;114;
;51;Kingston - Pembroke;22;
;52;Kitchener - Waterloo - Barrie;84;
;53;Grande r√©gion de Londo;45;
;54;Muskoka - Kawarthas;19;
;55;Nord-Est;38;
;56;Nord-Ouest;19;
;57;Grande r√©gion d'Ottaw;60;
;58;Stratford - Peninsule Bruce;7;
;59;Grande r√©gion de Toront;339;
;60;Windsor - Sarnia;22;
Valeurs manquantes;Syst√®m;;1234;
;;;;
Q0QC;;;;
;;Valeur;Nombre;
Attributs standard;Libell√;Q0QC: Dans quelle r√©gion du Qu√©bec demeurez-vou;;
Valeurs valides;1;Bas-Saint-Laurent;19;
;2;Saguenay-Lac-Saint-Jean;12;
;3;Capitale-Nationale;32;
;4;Mauricie;12;
;5;Estrie;24;
;6;Montr√©a;120;
;7;Outaouais;15;
;8;Abitibi-T√©miscamingu;6;
;9;C√¥te-Nor;6;
;10;Nord-du-Qu√©be;1;
;11;Gasp√©sie/√éles-de-la-Madelei;8;
;12;Chaudi√®re-Appalache;27;
;13;Laval;24;
;14;Lanaudi√®r;29;
;15;Laurentides;38;
;16;Mont√©r√©g;85;
;17;Centre-du-Qu√©be;12;
Valeurs manquantes;Syst√®m;;1532;
;;;;
Q0QCA;;;;
;;Valeur;Nombre;
Attributs standard;Libell√;Q0QCA: Dans quelle ville demeurez-vous?;;
Valeurs valides;1;L'Assomption;0;
;2;Charlemagne;0;
;3;L'√âpiphani;1;
;4;Lavaltrie;1;
;5;Mascouche;0;
;6;Repentigny;4;
;7;Saint-Sulpice;0;
;8;Terrebonne;10;
;9;Saint-Lin-Laurentides;1;
;96;Autres villes de Lanaudi√®r;13;
Valeurs manquantes;Syst√®m;;1973;
;;;;
Q0QCB;;;;
;;Valeur;Nombre;
Attributs standard;Libell√;Q0QCB: Dans quelle ville demeurez-vous?;;
Valeurs valides;1;Blainville;2;
;2;Boisbriand;1;
;3;Bois-des-Filion;3;
;4;Deux-Montagnes;1;
;5;Gore;0;
;6;Kanesatake;1;
;7;Lorraine;0;
;8;Mirabel;1;
;9;Oka;0;
;10;Pointe-Calumet;1;
;11;Rosem√®r;0;
;12;Saint-Colomban;0;
;13;Sainte-Anne-des-Plaines;1;
;14;Sainte-Marthe-sur-le-Lac;1;
;15;Sainte-Th√©r√®;0;
;16;Saint-Eustache;0;
;17;Saint-J√©r√¥;9;
;18;Saint-Joseph-du-Lac;0;
;19;Saint-Placide;0;
;96;Autres villes des Laurentides;19;
Valeurs manquantes;Syst√®m;;1964;
;;;;
Q0QCC;;;;
;;Valeur;Nombre;
Attributs standard;Libell√;Q0QCC: Dans quelle ville demeurez-vous?;;
Valeurs valides;1;Beauharnois;1;
;2;Beloeil;0;
;3;Boucherville;2;
;4;Brossard;4;
;5;Candiac;5;
;6;Carignan;0;
;7;Chambly;1;
;8;Ch√¢teaugua;1;
;9;Coteau-du-Lac;2;
;10;Delson;0;
;11;Hudson;0;
;12;Kahnawake;0;
;13;La Prairie;2;
;14;L√©r;0;
;15;Les C√®dre;0;
;16;Les Coteaux;0;
;17;L'√éle-Cadieu;0;
;18;L'√éle-Perro;0;
;19;Longueuil;12;
;20;McMasterville;0;
;21;Mercier;0;
;22;Mont-Saint-Hilaire;3;
;23;Notre-Dame-de-l'√éle-Perro;0;
;24;Otterburn Park;0;
;25;Pincourt;1;
;26;Pointe-des-Cascades;0;
;27;Richelieu;0;
;28;Saint-Amable;2;
;29;Saint-Basile-le-Grand;0;
;30;Saint-Bruno-de-Montarville;1;
;31;Saint-Constant;0;
;32;Sainte-Catherine;1;
;33;Sainte-Julie;0;
;34;Saint-Isidore;1;
;35;Saint-Lambert;0;
;36;Saint-Lazare;0;
;37;Saint-Mathias-sur-Richelieu;1;
;38;Saint-Mathieu;0;
;39;Saint-Mathieu-de-Beloeil;0;
;40;Saint-Philippe;0;
;41;Saint-Zotique;0;
;42;Terrasse-Vaudreuil;0;
;43;Varennes;1;
;44;Vaudreuil-Dorion;3;
;45;Vaudreuil-sur-le-Lac;0;
;46;Verch√®re;1;
;47;Saint-Jean-sur-Richelieu;11;
;96;Autres villes de la Mont√©r√©g;30;
Valeurs manquantes;Syst√®m;;1917;
;;;;
Q0QCD;;;;
;;Valeur;Nombre;
Attributs standard;Libell√;Q0QCD: Dans quelle ville demeurez-vous?;;
Valeurs valides;1;Ville de Qu√©be;27;
;2;Boischatel;0;
;3;Ch√¢teau-Riche;0;
;4;Fossambault-sur-le-Lac;0;
;5;L'Ancienne-Lorette;0;
;6;L'Ange-Gardien;0;
;7;Lac-Beauport;1;
;8;Lac-Delage;0;
;9;Lac-Saint-Joseph;0;
;10;Neuville;0;
;11;Notre-Dame-des-Anges;0;
;12;Saint-Augustin-de-Desmaures;0;
;13;Saint-Fran√ßois-de-l'√éle-d'Orl√©;0;
;14;Saint-Gabriel-de-Valcartier;0;
;15;Saint-Jean-de-l'√éle-d'Orl√©a;0;
;16;Saint-Laurent-de-l'√éle-d'Orl√©a;0;
;17;Saint-Pierre-de-l'√éle-d'Orl√©a;0;
;18;Sainte-Brigitte-de-Laval;0;
;19;Sainte-Catherine-de-la-Jacques-Cartier;0;
;20;Sainte-Famille;0;
;21;Sainte-P√©tronill;0;
;22;Shannon;1;
;23;Stoneham-et-Tewkesbury;0;
;24;Wendake;0;
;96;Autres villes de la Capitale-Nationale;2;
Valeurs manquantes;Syst√®m;;1970;
;;;;
Q0QCE;;;;
;;Valeur;Nombre;
Attributs standard;Libell√;Q0QCE: Dans quelle ville demeurez-vous?;;
Valeurs valides;1;Ville de L√©vi;15;
;2;Beaumont;0;
;3;Saint-Henri;1;
;4;Saint-Lambert-de-Lauzon;0;
;5;Saint-Antoine-de-Tilly;2;
;96;Autres villes de Chaudi√®re-Appalache;10;
Valeurs manquantes;Syst√®m;;1975;
;;;;
Q0QCF;;;;
;;Valeur;Nombre;
Attributs standard;Libell√;Q0QCF: Veuillez indiquer votre arrondissement de r√©sidence¬;;
Valeurs valides;1;Arrondissement La Cit√©-Limoilo;6;
;2;Arrondissement Sainte-Foy-Sillery-Cap-Rouge;3;
;3;Arrondissement Les Rivi√®re;4;
;4;Arrondissement Beauport;8;
;5;Arrondissement Charlesbourg;0;
;6;Arrondissement La Haute-St-Charles (Lac-Saint-Charles, Saint-√âmile, Loretteville, Les Ch√¢tels, Val-B√©la;5;
Valeurs manquantes;Syst√®m;;1975;
;;;;
Q0QCG;;;;
;;Valeur;Nombre;
Attributs standard;Libell√;Q0QCG: Veuillez indiquer votre arrondissement de r√©sidence¬;;
Valeurs valides;1;Desjardins;3;
;2;Chutes-de-la-Chaudi√®re-Es;4;
;3;Chutes-de-la-Chaudi√®re-Oues;9;
Valeurs manquantes;Syst√®m;;1987;
;;;;
REGIO;;;;
;;Valeur;Nombre;
Attributs standard;Libell√;REGIO: REGIO;;
Valeurs valides;1;MTL RMR;235;
;2;QC RMR;47;
;3;AUTRES R√âGION;188;
Valeurs manquantes;Syst√®m;;1532;
;;;;
FSA;;;;
;;Valeur;;
Attributs standard;Libell√;FSA: Veuillez indiquer les 3 premiers caract√®res de votre code postal;;
;;;;
age;;;;
;;Valeur;Nombre;
Attributs standard;Libell√;age: Quel √¢ge avez-vous;;
Valeurs valides;1;Moins de 18 ans;0;
;2;18 ‚Äì 24 a;218;
;3;25 ‚Äì 39 a;478;
;4;40 ‚Äì 54 a;519;
;5;55 ‚Äì 64 a;364;
;6;Plus de 64 ans;423;
;;;;
sexe;;;;
;;Valeur;Nombre;
Attributs standard;Libell√;sexe: √Ä quel genre vous identifiez-vous;;
Valeurs valides;1;Homme;972;
;2;Femme;1024;
;3;Non binaire;4;
;98;Ne souhaite pas r√©pondr;2;
;;;;
SCOL;;;;
;;Valeur;Nombre;
Attributs standard;Libell√;SCOL: Quel est le niveau de scolarit√© le plus √©lev√© que vous avez compl√;;
Valeurs valides;1;Primaire;24;
;2;Secondaire ou √©quivalen;535;
;3;Dipl√¥me d‚Äô√©tudes professionne;203;
;4;Coll√©gia;686;
;5;Universitaire de 1er cycle (certificat ou baccalaur√©at;395;
;6;Universitaire de 2e ou 3e cycle;159;
;97;Aucun;1;
;;;;
FOYr1;;;;
;;Valeur;Nombre;
Attributs standard;Libell√;FOYr1: 5 ans ou moins - Vous excluant, combien de personnes √¢g√©es de (...) vivent au sein de votre m√©na;;
Valeurs valides;0;0;1765;
;1;1;166;
;2;2;63;
;3;3;5;
;5;5;3;
;6;6;0;
;7;7;0;
;8;8;0;
;9;9;0;
;10;10;0;
;;;;
FOYr2;;;;
;;Valeur;Nombre;
Attributs standard;Libell√;FOYr2: Entre 6 et 11 ans - Vous excluant, combien de personnes √¢g√©es de (...) vivent au sein de votre m√©na;;
Valeurs valides;0;0;1778;
;1;1;172;
;2;2;49;
;3;3;3;
;5;5;0;
;6;6;0;
;7;7;0;
;8;8;0;
;9;9;0;
;10;10;0;
;;;;
FOYr3;;;;
;;Valeur;Nombre;
Attributs standard;Libell√;FOYr3: Entre 12 et 17 ans - Vous excluant, combien de personnes √¢g√©es de (...) vivent au sein de votre m√©na;;
Valeurs valides;0;0;1749;
;1;1;200;
;2;2;50;
;3;3;1;
;5;5;1;
;6;6;0;
;7;7;0;
;8;8;0;
;9;9;0;
;10;10;0;
;;;;
FOYr4;;;;
;;Valeur;Nombre;
Attributs standard;Libell√;FOYr4: Plus de 18 ans - Vous excluant, combien de personnes √¢g√©es de (...) vivent au sein de votre m√©na;;
Valeurs valides;0;0;388;
;1;1;863;
;2;2;475;
;3;3;169;
;5;5;98;
;6;6;8;
;7;7;1;
;8;8;0;
;9;9;0;
;10;10;0;
;;;;
LANGU;;;;
;;Valeur;Nombre;
Attributs standard;Libell√;LANGU: Quelle est la langue que vous avez apprise en premier lieu √† la maison dans votre enfance et que vous comprenez toujours;;
Valeurs valides;1;Fran√ßai;416;
;2;Anglais;1396;
;3;Autre;190;
;;;;
Q2r1;;;;
;;Valeur;Nombre;
Attributs standard;Libell√;Q2r1: Supermarch√© - Pour ces diff√©rents types de commerces, veuillez indiquer la fr√©quence √† laquelle vous achetez des produits alimentair;;
Valeurs valides;1;Jamais;8;
;2;Moins d‚Äôune fois par mo;33;
;3;1 fois par mois;90;
;4;2 fois par mois;311;
;5;1 fois par semaine;1027;
;6;2 fois par semaine;345;
;7;†Plus de 2 fois par semaine;186;
;99;Ne s‚Äôapplique p;2;
;;;;
Q2r2;;;;
;;Valeur;Nombre;
Attributs standard;Libell√;Q2r2: √âpicerie sp√©cialis√©e(ex. : boulangerie, boucherie, fruiterie, etc.) - Pour ces diff√©rents types de commerces, veuillez indiquer la fr√©quence √† laquelle vous achetez des produits alimenta;;
Valeurs valides;1;Jamais;409;
;2;Moins d‚Äôune fois par mo;691;
;3;1 fois par mois;322;
;4;2 fois par mois;209;
;5;1 fois par semaine;247;
;6;2 fois par semaine;36;
;7;†Plus de 2 fois par semaine;25;
;99;Ne s‚Äôapplique p;63;
;;;;
Q2r3;;;;
;;Valeur;Nombre;
Attributs standard;Libell√;Q2r3: March√© public(ex. : marchands et producteurs locaux) - Pour ces diff√©rents types de commerces, veuillez indiquer la fr√©quence √† laquelle vous achetez des produits alimentair;;
Valeurs valides;1;Jamais;507;
;2;Moins d‚Äôune fois par mo;901;
;3;1 fois par mois;227;
;4;2 fois par mois;110;
;5;1 fois par semaine;114;
;6;2 fois par semaine;22;
;7;†Plus de 2 fois par semaine;23;
;99;Ne s‚Äôapplique p;100;
;;;;
Q2r4;;;;
;;Valeur;Nombre;
Attributs standard;Libell√;Q2r4: Commerces de proximit√©(dans un rayon de 15 minutes √† pied de chez vous) - Pour ces diff√©rents types de commerces, veuillez indiquer la fr√©quence √† laquelle vous achetez des produits alimentai;;
Valeurs valides;1;Jamais;409;
;2;Moins d‚Äôune fois par mo;323;
;3;1 fois par mois;193;
;4;2 fois par mois;243;
;5;1 fois par semaine;422;
;6;2 fois par semaine;161;
;7;†Plus de 2 fois par semaine;129;
;99;Ne s‚Äôapplique p;121;
;;;;
Q3r1;;;;
;;Valeur;Nombre;
Attributs standard;Libell√;Q3r1: V√©hicule personnel - Quel(s) moyen(s) de transport utilisez-vous pour faire l‚Äô√©pice;;
Valeurs valides;0;NO TO: V√©hicule personne;267;
;1;V√©hicule personne;1735;
;;;;
Q3r2;;;;
;;Valeur;Nombre;
Attributs standard;Libell√;Q3r2: V√©hicule autopartage (ex. Communauto) - Quel(s) moyen(s) de transport utilisez-vous pour faire l‚Äô√©pice;;
Valeurs valides;0;NO TO: V√©hicule autopartage (ex. Communauto;1954;
;1;V√©hicule autopartage (ex. Communauto;48;
;;;;
Q3r3;;;;
;;Valeur;Nombre;
Attributs standard;Libell√;Q3r3: Transport en commun - Quel(s) moyen(s) de transport utilisez-vous pour faire l‚Äô√©picer;;
Valeurs valides;0;NO TO: Transport en commun;1814;
;1;Transport en commun;188;
;;;;
Q3r4;;;;
;;Valeur;Nombre;
Attributs standard;Libell√;Q3r4: Marche ou v√©lo - Quel(s) moyen(s) de transport utilisez-vous pour faire l‚Äô√©pice;;
Valeurs valides;0;NO TO: Marche ou v√©l;1535;
;1;Marche ou v√©l;467;
;;;;
Q3r5;;;;
;;Valeur;Nombre;
Attributs standard;Libell√;Q3r5: Livraison √† domicile - Quel(s) moyen(s) de transport utilisez-vous pour faire l‚Äô√©pice;;
Valeurs valides;0;NO TO: Livraison √† domicil;1880;
;1;Livraison √† domicil;122;
;;;;
Q4;;;;
;;Valeur;Nombre;
Attributs standard;Libell√;Q4: Qui fait le plus souvent l‚Äô√©picerie dans votre m√©n;;
Valeurs valides;1;Mon conjoint/ma conjointe;130;
;2;Moi;1296;
;3;¿ part Ègale au sein du couple;522;
;4;Un proche aidant;18;
;5;Un membre de ma famille (parents, enfants, etc.) enti√®rement ou en parti;34;
;96;Autre (pr√©ciser;3;
;;;;
Q5r1;;;;
;;Valeur;Nombre;
Attributs standard;Libell√;Q5r1: Oui, je vais dans des commerces sp√©cialis√©s en produits en vrac - Faites-vous votre √©picerie en vrac (c‚Äòest-√†-dire sans emballage, avec des contenants r√©utilis;;
Valeurs valides;0;NO TO: Oui, je vais dans des commerces sp√©cialis√©s en produits en vr;1617;
;1;Oui, je vais dans des commerces sp√©cialis√©s en produits en vr;385;
;;;;
Q5r2;;;;
;;Valeur;Nombre;
Attributs standard;Libell√;Q5r2: Oui, je vais √† mon √©picerie traditionnelle qui offre des produits en vrac (ex. grande banni√®re, √©picerie locale) - Faites-vous votre √©picerie en vrac (c‚Äòest-√†-dire sans emballage, avec des contenants r√©util;;
Valeurs valides;0;NO TO: Oui, je vais √† mon √©picerie traditionnelle qui offre des produits en vrac (ex. grande banni√®re, √©picerie ;1432;
;2;Oui, je vais √† mon √©picerie traditionnelle qui offre des produits en vrac (ex. grande banni√®re, √©picerie loc;570;
;;;;
Q5r3;;;;
;;Valeur;Nombre;
Attributs standard;Libell√;Q5r3: Oui, je vais dans des commerces sp√©cialis√©s avec mes propres contenants (ex. : fruiterie, boulangerie, fromagerie, charcuterie, ‚Ä¶) - Faites-vous votre √©picerie en vrac (c‚Äòest-√†-dire sans emballage, avec des contenants r√©util;;
Valeurs valides;0;NO TO: Oui, je vais dans des commerces sp√©cialis√©s avec mes propres contenants (ex. : fruiterie, boulangerie, fromag;1835;
;3;Oui, je vais dans des commerces sp√©cialis√©s avec mes propres contenants (ex. : fruiterie, boulangerie, fromagerie, c;167;
;;;;
Q5r4;;;;
;;Valeur;Nombre;
Attributs standard;Libell√;Q5r4: Non, je ne fais pas mon √©picerie en vrac - Faites-vous votre √©picerie en vrac (c‚Äòest-√†-dire sans emballage, avec des contenants r√©utilisa;;
Valeurs valides;0;NO TO: Non, je ne fais pas mon √©picerie en vra;1211;
;4;Non, je ne fais pas mon √©picerie en vra;791;
;;;;
Q5r5;;;;
;;Valeur;Nombre;
Attributs standard;Libell√;Q5r5: Non, cette option n‚Äôest pas disponible dans mon secteur - Faites-vous votre √©picerie en vrac (c‚Äòest-√†-dire sans emballage, avec des contenants r√©utilis;;
Valeurs valides;0;NO TO: Non, cette option n‚Äôest pas disponible dans mon secte;1618;
;5;Non, cette option n‚Äôest pas disponible dans mon secte;384;
;;;;
Q5r96;;;;
;;Valeur;Nombre;
Attributs standard;Libell√;Q5r96: Autre (pr√©ciser) - Faites-vous votre √©picerie en vrac (c‚Äòest-√†-dire sans emballage, avec des contenants r√©utilisa;;
Valeurs valides;0;NO TO: Autre (pr√©ciser;1986;
;96;Autre (pr√©ciser;16;
;;;;
Q6r1;;;;
;;Valeur;Nombre;
Attributs standard;Libell√;Q6r1: Les fruits et l√©gumes - √Ä quelle fr√©quence achetez-vous les produits suivants en vrac (c'est-√†-dire propos√©s sans emballage ou dans un contenant r√©utilisa;;
Valeurs valides;1;Jamais;76;
;2;Rarement;103;
;3;Occasionnellement;196;
;4;Souvent;295;
;5;Toujours;140;
Valeurs manquantes;Syst√®m;;1190;
;;;;
Q6r2;;;;
;;Valeur;Nombre;
Attributs standard;Libell√;Q6r2: Les aliments secs (p√¢tes, haricots, noix, etc.) - √Ä quelle fr√©quence achetez-vous les produits suivants en vrac (c'est-√†-dire propos√©s sans emballage ou dans un contenant r√©utilisa;;
Valeurs valides;1;Jamais;76;
;2;Rarement;157;
;3;Occasionnellement;288;
;4;Souvent;225;
;5;Toujours;66;
Valeurs manquantes;Syst√®m;;1190;
;;;;
Q6r3;;;;
;;Valeur;Nombre;
Attributs standard;Libell√;Q6r3: Les produits frais tels que la viande et le poisson - √Ä quelle fr√©quence achetez-vous les produits suivants en vrac (c'est-√†-dire propos√©s sans emballage ou dans un contenant r√©utilisab;;
Valeurs valides;1;Jamais;190;
;2;Rarement;139;
;3;Occasionnellement;200;
;4;Souvent;202;
;5;Toujours;82;
Valeurs manquantes;Syst√®m;;1190;
;;;;
Q6r4;;;;
;;Valeur;Nombre;
Attributs standard;Libell√;Q6r4: Les fromages - √Ä quelle fr√©quence achetez-vous les produits suivants en vrac (c'est-√†-dire propos√©s sans emballage ou dans un contenant r√©utilisab;;
Valeurs valides;1;Jamais;238;
;2;Rarement;148;
;3;Occasionnellement;187;
;4;Souvent;173;
;5;Toujours;66;
Valeurs manquantes;Syst√®m;;1190;
;;;;
Q6r5;;;;
;;Valeur;Nombre;
Attributs standard;Libell√;Q6r5: Jus et boissons - √Ä quelle fr√©quence achetez-vous les produits suivants en vrac (c'est-√†-dire propos√©s sans emballage ou dans un contenant r√©utilisab;;
Valeurs valides;1;Jamais;270;
;2;Rarement;138;
;3;Occasionnellement;164;
;4;Souvent;174;
;5;Toujours;65;
Valeurs manquantes;Syst√®m;;1190;
;;;;
Q6r6;;;;
;;Valeur;Nombre;
Attributs standard;Libell√;Q6r6: Produits m√©nagers (lessive, nettoyant pour la maison, etc.) - √Ä quelle fr√©quence achetez-vous les produits suivants en vrac (c'est-√†-dire propos√©s sans emballage ou dans un contenant r√©utilisa;;
Valeurs valides;1;Jamais;206;
;2;Rarement;123;
;3;Occasionnellement;233;
;4;Souvent;189;
;5;Toujours;61;
Valeurs manquantes;Syst√®m;;1190;
;;;;
Q6r7;;;;
;;Valeur;Nombre;
Attributs standard;Libell√;Q6r7: Produits d‚Äôhygi√®ne personnelle (savon, gel liquide pour le corps, shampoing, etc.) - √Ä quelle fr√©quence achetez-vous les produits suivants en vrac (c'est-√†-dire propos√©s sans emballage ou dans un contenant r√©utili;;
Valeurs valides;1;Jamais;210;
;2;Rarement;130;
;3;Occasionnellement;232;
;4;Souvent;178;
;5;Toujours;62;
Valeurs manquantes;Syst√®m;;1190;
;;;;
Q7;;;;
;;Valeur;Nombre;
Attributs standard;Libell√;Q7: Si avant la pand√©mie de COVID-19 vous utilisiez vos propres contenants r√©utilisables pour certains de vos achats, √©vitant ainsi les produits et emballages √† usage unique (ex. : tasse √† caf√© r√©utilisable, achat en vrac, ‚Ä¶) avez-vous;;
Valeurs valides;1;Oui, mais moins souvent qu‚Äôavant la pand√©;231;
;2;Oui, aussi souvent qu‚Äôavant la pand√©;390;
;3;Oui, plus souvent qu‚Äôavant la pand√©;122;
;4;Non, je ne savais pas que c‚Äô√©tait encore possi;284;
;5;Non, les commerces n‚Äôoffrent pas cette opti;648;
;6;Non, je n‚Äô√©tais/ne suis pas √† l‚Äôaise √† les utiliser dans ce contexte, pour des raisons de contamination √;266;
;7;Non / je ne suis pas int√©ress√©(e)  / ce n'√©tait d√©j√† pas dans mes habitudes avant la crise (sans pr√©c;54;
;96;Autres raisons (pr√©ciser;7;
;;;;
Q8r1;;;;
;;Valeur;Nombre;
Attributs standard;Libell√;Q8r1: Les fruits et l√©gumes - Dans quelle mesure √™tes-vous d‚Äôaccord avec le fait qu'il est facile d‚Äôacheter les produits suivants en ;;
Valeurs valides;1;Tout √† fait en d√©sacco;125;
;2;En d√©saccor;264;
;3;Ni en d√©saccord/Ni en accor;428;
;4;D‚Äôacco;707;
;5;Tout √† fait d‚Äôacc;478;
;;;;
Q8r2;;;;
;;Valeur;Nombre;
Attributs standard;Libell√;Q8r2: Les aliments secs (p√¢tes, haricots, noix, etc.) - Dans quelle mesure √™tes-vous d‚Äôaccord avec le fait qu'il est facile d‚Äôacheter les produits suivants en ;;
Valeurs valides;1;Tout √† fait en d√©sacco;108;
;2;En d√©saccor;211;
;3;Ni en d√©saccord/Ni en accor;462;
;4;D‚Äôacco;835;
;5;Tout √† fait d‚Äôacc;386;
;;;;
Q8r3;;;;
;;Valeur;Nombre;
Attributs standard;Libell√;Q8r3: Les produits frais tels que la viande et le poisson - Dans quelle mesure √™tes-vous d‚Äôaccord avec le fait qu'il est facile d‚Äôacheter les produits suivants en v;;
Valeurs valides;1;Tout √† fait en d√©sacco;287;
;2;En d√©saccor;509;
;3;Ni en d√©saccord/Ni en accor;579;
;4;D‚Äôacco;489;
;5;Tout √† fait d‚Äôacc;139;
;;;;
Q8r4;;;;
;;Valeur;Nombre;
Attributs standard;Libell√;Q8r4: Les fromages - Dans quelle mesure √™tes-vous d‚Äôaccord avec le fait qu'il est facile d‚Äôacheter les produits suivants en v;;
Valeurs valides;1;Tout √† fait en d√©sacco;262;
;2;En d√©saccor;569;
;3;Ni en d√©saccord/Ni en accor;590;
;4;D‚Äôacco;460;
;5;Tout √† fait d‚Äôacc;121;
;;;;
Q8r5;;;;
;;Valeur;Nombre;
Attributs standard;Libell√;Q8r5: Jus et boissons - Dans quelle mesure √™tes-vous d‚Äôaccord avec le fait qu'il est facile d‚Äôacheter les produits suivants en v;;
Valeurs valides;1;Tout √† fait en d√©sacco;331;
;2;En d√©saccor;449;
;3;Ni en d√©saccord/Ni en accor;509;
;4;D‚Äôacco;518;
;5;Tout √† fait d‚Äôacc;195;
;;;;
Q8r6;;;;
;;Valeur;Nombre;
Attributs standard;Libell√;Q8r6: Les produits m√©nagers (lessive, nettoyants pour la maison, ‚Ä¶) - Dans quelle mesure √™tes-vous d‚Äôaccord avec le fait qu'il est facile d‚Äôacheter les produits suivants e;;
Valeurs valides;1;Tout √† fait en d√©sacco;214;
;2;En d√©saccor;335;
;3;Ni en d√©saccord/Ni en accor;480;
;4;D‚Äôacco;642;
;5;Tout √† fait d‚Äôacc;331;
;;;;
Q8r7;;;;
;;Valeur;Nombre;
Attributs standard;Libell√;Q8r7: Les produits d‚Äôhygi√®ne personnelle (savon, gel liquide pour le corps, shampoing, ‚Ä¶) - Dans quelle mesure √™tes-vous d‚Äôaccord avec le fait qu'il est facile d‚Äôacheter les produits suivants;;
Valeurs valides;1;Tout √† fait en d√©sacco;233;
;2;En d√©saccor;350;
;3;Ni en d√©saccord/Ni en accor;502;
;4;D‚Äôacco;620;
;5;Tout √† fait d‚Äôacc;297;
;;;;
Q9r2;;;;
;;Valeur;Nombre;
Attributs standard;Libell√;Q9r2: Faire une certaine portion de l‚Äô√©picerie en vrac dans mon √©picerie habituelle - Si, dans les prochains mois, l‚Äôachat en vrac √©tait disponible √† votre √©picerie habituelle, dans quelle mesure souhaiteriez-vous adopter les comportemen;;
Valeurs valides;1;Pas du tout;226;
;2;Un peu;373;
;3;Moyennement;542;
;4;Beaucoup;465;
;5;…normÈment;290;
;6;Je le fais d√©j;105;
;;;;
Q9r3;;;;
;;Valeur;Nombre;
Attributs standard;Libell√;Q9r3: Utiliser mes propres contenants r√©utilisables √† l‚Äô√©picerie - Si, dans les prochains mois, l‚Äôachat en vrac √©tait disponible √† votre √©picerie habituelle, dans quelle mesure souhaiteriez-vous adopter les comportements ;;
Valeurs valides;1;Pas du tout;412;
;2;Un peu;352;
;3;Moyennement;416;
;4;Beaucoup;412;
;5;…normÈment;306;
;6;Je le fais d√©j;104;
;;;;
Q9r4;;;;
;;Valeur;Nombre;
Attributs standard;Libell√;Q9r4: Utiliser des contenants consign√©s fournis par l‚Äô√©picerie ou un d√©taillant - Si, dans les prochains mois, l‚Äôachat en vrac √©tait disponible √† votre √©picerie habituelle, dans quelle mesure souhaiteriez-vous adopter les comportement;;
Valeurs valides;1;Pas du tout;508;
;2;Un peu;345;
;3;Moyennement;442;
;4;Beaucoup;410;
;5;…normÈment;248;
;6;Je le fais d√©j;48;
;;;;
Q10Ar1;;;;
;;Valeur;Nombre;
Attributs standard;Libell√;Q10Ar1: Je n‚Äôai pas cette option disponible proche de chez moi - Pour quelles raisons seriez-vous peu ou pas pr√™t.e.s √† faire une √©picerie en vrac, avec des contenants r√©utilisa;;
Valeurs valides;0;NO TO: Je n‚Äôai pas cette option disponible proche de chez m;837;
;1;Je n‚Äôai pas cette option disponible proche de chez m;267;
Valeurs manquantes;Syst√®m;;897;
;;;;
Q10Ar2;;;;
;;Valeur;Nombre;
Attributs standard;Libell√;Q10Ar2: Il est difficile pour moi de transporter mes contenants - Pour quelles raisons seriez-vous peu ou pas pr√™t.e.s √† faire une √©picerie en vrac, avec des contenants r√©utilisabl;;
Valeurs valides;0;NO TO: Il est difficile pour moi de transporter mes contenants;947;
;1;Il est difficile pour moi de transporter mes contenants;157;
Valeurs manquantes;Syst√®m;;897;
;;;;
Q10Ar3;;;;
;;Valeur;Nombre;
Attributs standard;Libell√;Q10Ar3: Je n‚Äôaime pas devoir nettoyer des contenants r√©utilisables - Pour quelles raisons seriez-vous peu ou pas pr√™t.e.s √† faire une √©picerie en vrac, avec des contenants r√©utilis;;
Valeurs valides;0;NO TO: Je n‚Äôaime pas devoir nettoyer des contenants r√©utilisab;962;
;1;Je n‚Äôaime pas devoir nettoyer des contenants r√©utilisab;143;
Valeurs manquantes;Syst√®m;;897;
;;;;
Q10Ar4;;;;
;;Valeur;Nombre;
Attributs standard;Libell√;Q10Ar4: Je ne souhaite pas changer mes habitudes - Pour quelles raisons seriez-vous peu ou pas pr√™t.e.s √† faire une √©picerie en vrac, avec des contenants r√©utilisabl;;
Valeurs valides;0;NO TO: Je ne souhaite pas changer mes habitudes;1012;
;1;Je ne souhaite pas changer mes habitudes;93;
Valeurs manquantes;Syst√®m;;897;
;;;;
Q10Ar5;;;;
;;Valeur;Nombre;
Attributs standard;Libell√;Q10Ar5: Je ne connais pas le concept d‚Äô√©picerie z√©ro d√©chet - Pour quelles raisons seriez-vous peu ou pas pr√™t.e.s √† faire une √©picerie en vrac, avec des contenants r√©util;;
Valeurs valides;0;NO TO: Je ne connais pas le concept d‚Äô√©picerie z√©ro d√;1040;
;1;Je ne connais pas le concept d‚Äô√©picerie z√©ro d√;65;
Valeurs manquantes;Syst√®m;;897;
;;;;
Q10Ar6;;;;
;;Valeur;Nombre;
Attributs standard;Libell√;Q10Ar6: Je ne sais pas comment faire - Pour quelles raisons seriez-vous peu ou pas pr√™t.e.s √† faire une √©picerie en vrac, avec des contenants r√©utilisabl;;
Valeurs valides;0;NO TO: Je ne sais pas comment faire;1070;
;1;Je ne sais pas comment faire;35;
Valeurs manquantes;Syst√®m;;897;
;;;;
Q10Ar7;;;;
;;Valeur;Nombre;
Attributs standard;Libell√;Q10Ar7: Cela me demande trop d‚Äôefforts - Pour quelles raisons seriez-vous peu ou pas pr√™t.e.s √† faire une √©picerie en vrac, avec des contenants r√©utilisa;;
Valeurs valides;0;NO TO: Cela me demande trop d‚Äôeffor;966;
;1;Cela me demande trop d‚Äôeffor;139;
Valeurs manquantes;Syst√®m;;897;
;;;;
Q10Ar8;;;;
;;Valeur;Nombre;
Attributs standard;Libell√;Q10Ar8: Je n‚Äôaime pas les produits vendus dans les magasins en vrac - Pour quelles raisons seriez-vous peu ou pas pr√™t.e.s √† faire une √©picerie en vrac, avec des contenants r√©utilisa;;
Valeurs valides;0;NO TO: Je n‚Äôaime pas les produits vendus dans les magasins en vr;1056;
;1;Je n‚Äôaime pas les produits vendus dans les magasins en vr;48;
Valeurs manquantes;Syst√®m;;897;
;;;;
Q10Ar9;;;;
;;Valeur;Nombre;
Attributs standard;Libell√;Q10Ar9: Je trouve qu‚Äôil n‚Äôy a pas assez de choix dans les produits propos√©s en vrac - Pour quelles raisons seriez-vous peu ou pas pr√™t.e.s √† faire une √©picerie en vrac, avec des contenants r√©util;;
Valeurs valides;0;NO TO: Je trouve qu‚Äôil n‚Äôy a pas assez de choix dans les produits propos√©s en;1009;
;1;Je trouve qu‚Äôil n‚Äôy a pas assez de choix dans les produits propos√©s en;96;
Valeurs manquantes;Syst√®m;;897;
;;;;
Q10Ar10;;;;
;;Valeur;Nombre;
Attributs standard;Libell√;Q10Ar10: J‚Äôai des doutes sur l‚Äôhygi√®ne - Pour quelles raisons seriez-vous peu ou pas pr√™t.e.s √† faire une √©picerie en vrac, avec des contenants r√©util;;
Valeurs valides;0;NO TO: J‚Äôai des doutes sur l‚Äôhyg;834;
;1;J‚Äôai des doutes sur l‚Äôhyg;270;
Valeurs manquantes;Syst√®m;;897;
;;;;
Q10Ar11;;;;
;;Valeur;Nombre;
Attributs standard;Libell√;Q10Ar11: J‚Äôai des doutes sur la fra√Æcheur des produits - Pour quelles raisons seriez-vous peu ou pas pr√™t.e.s √† faire une √©picerie en vrac, avec des contenants r√©utilis;;
Valeurs valides;0;NO TO: J‚Äôai des doutes sur la fra√Æcheur des produ;927;
;1;J‚Äôai des doutes sur la fra√Æcheur des produ;177;
Valeurs manquantes;Syst√®m;;897;
;;;;
Q10Ar12;;;;
;;Valeur;Nombre;
Attributs standard;Libell√;Q10Ar12: Je crains des probl√®mes d‚Äôallergie - Pour quelles raisons seriez-vous peu ou pas pr√™t.e.s √† faire une √©picerie en vrac, avec des contenants r√©utilis;;
Valeurs valides;0;NO TO: Je crains des probl√®mes d‚Äôaller;1045;
;1;Je crains des probl√®mes d‚Äôaller;60;
Valeurs manquantes;Syst√®m;;897;
;;;;
Q10Ar13;;;;
;;Valeur;Nombre;
Attributs standard;Libell√;Q10Ar13: Je crains la contamination des produits avec la COVID-19 - Pour quelles raisons seriez-vous peu ou pas pr√™t.e.s √† faire une √©picerie en vrac, avec des contenants r√©utilisabl;;
Valeurs valides;0;NO TO: Je crains la contamination des produits avec la COVID-19;959;
;1;Je crains la contamination des produits avec la COVID-19;146;
Valeurs manquantes;Syst√®m;;897;
;;;;
Q10Ar14;;;;
;;Valeur;Nombre;
Attributs standard;Libell√;Q10Ar14: Je trouve que les produits sont plus chers - Pour quelles raisons seriez-vous peu ou pas pr√™t.e.s √† faire une √©picerie en vrac, avec des contenants r√©utilisabl;;
Valeurs valides;0;NO TO: Je trouve que les produits sont plus chers;994;
;1;Je trouve que les produits sont plus chers;111;
Valeurs manquantes;Syst√®m;;897;
;;;;
Q10Ar15;;;;
;;Valeur;Nombre;
Attributs standard;Libell√;Q10Ar15: Je trouve que les produits propos√©s en vrac manquent d‚Äôinformations (ex. : provenance, date de fabrication, date d‚Äôexpiration, valeur nutritionnelle, impact sur l‚Äôenvironnement, etc.). - Pour quelles raisons seriez-vous peu ou pas ;;
Valeurs valides;0;NO TO: Je trouve que les produits propos√©s en vrac manquent d‚Äôinformations (ex. : provenance, date de fabrication,;906;
;1;Je trouve que les produits propos√©s en vrac manquent d‚Äôinformations (ex. : provenance, date de fabrication, date;199;
Valeurs manquantes;Syst√®m;;897;
;;;;
Q10Ar16;;;;
;;Valeur;Nombre;
Attributs standard;Libell√;Q10Ar16: Je fais des achats spontan√©s - Pour quelles raisons seriez-vous peu ou pas pr√™t.e.s √† faire une √©picerie en vrac, avec des contenants r√©utilisab;;
Valeurs valides;0;NO TO: Je fais des achats spontan√©;1008;
;1;Je fais des achats spontan√©;96;
Valeurs manquantes;Syst√®m;;897;
;;;;
Q10Ar17;;;;
;;Valeur;Nombre;
Attributs standard;Libell√;Q10Ar17: Je ne cherche pas particuli√®rement les options en vrac - Pour quelles raisons seriez-vous peu ou pas pr√™t.e.s √† faire une √©picerie en vrac, avec des contenants r√©utilisab;;
Valeurs valides;0;NO TO: Je ne cherche pas particuli√®rement les options en vra;891;
;1;Je ne cherche pas particuli√®rement les options en vra;214;
Valeurs manquantes;Syst√®m;;897;
;;;;
Q10Ar18;;;;
;;Valeur;Nombre;
Attributs standard;Libell√;Q10Ar18: J‚Äôappr√©cie les emballages des produits emball√©s - Pour quelles raisons seriez-vous peu ou pas pr√™t.e.s √† faire une √©picerie en vrac, avec des contenants r√©utili;;
Valeurs valides;0;NO TO: J‚Äôappr√©cie les emballages des produits embal;1031;
;1;J‚Äôappr√©cie les emballages des produits embal;73;
Valeurs manquantes;Syst√®m;;897;
;;;;
Q10Ar19;;;;
;;Valeur;Nombre;
Attributs standard;Libell√;Q10Ar19: Je n‚Äôai pas d‚Äôincitatif financier √† faire mon √©picerie en vrac - Pour quelles raisons seriez-vous peu ou pas pr√™t.e.s √† faire une √©picerie en vrac, avec des contenants r√©uti;;
Valeurs valides;0;NO TO: Je n‚Äôai pas d‚Äôincitatif financier √† faire mon √©picerie e;996;
;1;Je n‚Äôai pas d‚Äôincitatif financier √† faire mon √©picerie e;108;
Valeurs manquantes;Syst√®m;;897;
;;;;
Q10Ar20;;;;
;;Valeur;Nombre;
Attributs standard;Libell√;Q10Ar20: Pas besoin de grande quantit√©: je vis seul(e)/en couple / je ne veux pas g√¢cher de nourriture - Pour quelles raisons seriez-vous peu ou pas pr√™t.e.s √† faire une √©picerie en vrac, avec des contenants r√©utilisa;;
Valeurs valides;0;NO TO: Pas besoin de grande quantit√©: je vis seul(e)/en couple / je ne veux pas g√¢cher de nourritu;1079;
;1;Pas besoin de grande quantit√©: je vis seul(e)/en couple / je ne veux pas g√¢cher de nourritu;26;
Valeurs manquantes;Syst√®m;;897;
;;;;
Q10Ar96;;;;
;;Valeur;Nombre;
Attributs standard;Libell√;Q10Ar96: Autres (pr√©ciser) - Pour quelles raisons seriez-vous peu ou pas pr√™t.e.s √† faire une √©picerie en vrac, avec des contenants r√©utilisab;;
Valeurs valides;0;NO TO: Autres (pr√©ciser;1078;
;1;Autres (pr√©ciser;26;
Valeurs manquantes;Syst√®m;;897;
;;;;
Q10Br1;;;;
;;Valeur;Nombre;
Attributs standard;Libell√;Q10Br1: Je souhaite pouvoir acheter juste la quantit√© n√©cessaire des produits dont j‚Äôai besoin - Quelles sont les principales raisons qui vous pousseraient √† faire une √©picerie en vrac, avec des contenants r√©utilis;;
Valeurs valides;0;NO TO: Je souhaite pouvoir acheter juste la quantit√© n√©cessaire des produits dont j‚Äôai be;996;
;1;Je souhaite pouvoir acheter juste la quantit√© n√©cessaire des produits dont j‚Äôai be;585;
Valeurs manquantes;Syst√®m;;421;
;;;;
Q10Br2;;;;
;;Valeur;Nombre;
Attributs standard;Libell√;Q10Br2: Les produits en vrac sont une bonne option pour r√©duire ma facture d‚Äô√©picerie - Quelles sont les principales raisons qui vous pousseraient √† faire une √©picerie en vrac, avec des contenants r√©utilis;;
Valeurs valides;0;NO TO: Les produits en vrac sont une bonne option pour r√©duire ma facture d‚Äô√©pic;1018;
;1;Les produits en vrac sont une bonne option pour r√©duire ma facture d‚Äô√©pic;563;
Valeurs manquantes;Syst√®m;;421;
;;;;
Q10Br3;;;;
;;Valeur;Nombre;
Attributs standard;Libell√;Q10Br3: Je souhaite acheter des produits qui sont bons pour la sant√© - Quelles sont les principales raisons qui vous pousseraient √† faire une √©picerie en vrac, avec des contenants r√©utilisabl;;
Valeurs valides;0;NO TO: Je souhaite acheter des produits qui sont bons pour la sant√;1365;
;1;Je souhaite acheter des produits qui sont bons pour la sant√;216;
Valeurs manquantes;Syst√®m;;421;
;;;;
Q10Br4;;;;
;;Valeur;Nombre;
Attributs standard;Libell√;Q10Br4: Je souhaite acheter des produits qui sont bons pour l‚Äôenvironnement - Quelles sont les principales raisons qui vous pousseraient √† faire une √©picerie en vrac, avec des contenants r√©utilisab;;
Valeurs valides;0;NO TO: Je souhaite acheter des produits qui sont bons pour l‚Äôenvironneme;1316;
;1;Je souhaite acheter des produits qui sont bons pour l‚Äôenvironneme;265;
Valeurs manquantes;Syst√®m;;421;
;;;;
Q10Br5;;;;
;;Valeur;Nombre;
Attributs standard;Libell√;Q10Br5: Cette option est disponible proche de chez moi - Quelles sont les principales raisons qui vous pousseraient √† faire une √©picerie en vrac, avec des contenants r√©utilisable;;
Valeurs valides;0;NO TO: Cette option est disponible proche de chez moi;1414;
;1;Cette option est disponible proche de chez moi;167;
Valeurs manquantes;Syst√®m;;421;
;;;;
Q10Br6;;;;
;;Valeur;Nombre;
Attributs standard;Libell√;Q10Br6: Je recherche toujours les meilleurs prix pour les produits que j‚Äôach√®te - Quelles sont les principales raisons qui vous pousseraient √† faire une √©picerie en vrac, avec des contenants r√©utilisa;;
Valeurs valides;0;NO TO: Je recherche toujours les meilleurs prix pour les produits que j‚Äôach√;971;
;1;Je recherche toujours les meilleurs prix pour les produits que j‚Äôach√;610;
Valeurs manquantes;Syst√®m;;421;
;;;;
Q10Br7;;;;
;;Valeur;Nombre;
Attributs standard;Libell√;Q10Br7: R√©utiliser mes contenants est une bonne fa√ßon de diminuer ma quantit√© de d√©chets - Quelles sont les principales raisons qui vous pousseraient √† faire une √©picerie en vrac, avec des contenants r√©utilis;;
Valeurs valides;0;NO TO: R√©utiliser mes contenants est une bonne fa√ßon de diminuer ma quantit√© de d√©c;903;
;1;R√©utiliser mes contenants est une bonne fa√ßon de diminuer ma quantit√© de d√©c;678;
Valeurs manquantes;Syst√®m;;421;
;;;;
Q10Br8;;;;
;;Valeur;Nombre;
Attributs standard;Libell√;Q10Br8: Je souhaite changer mes habitudes pour diminuer mon empreinte environnementale - Quelles sont les principales raisons qui vous pousseraient √† faire une √©picerie en vrac, avec des contenants r√©utilisable;;
Valeurs valides;0;NO TO: Je souhaite changer mes habitudes pour diminuer mon empreinte environnementale;1138;
;1;Je souhaite changer mes habitudes pour diminuer mon empreinte environnementale;443;
Valeurs manquantes;Syst√®m;;421;
;;;;
Q10Br9;;;;
;;Valeur;Nombre;
Attributs standard;Libell√;Q10Br9: Je souhaite m‚Äôengager dans le mouvement z√©ro d√©chet - Quelles sont les principales raisons qui vous pousseraient √† faire une √©picerie en vrac, avec des contenants r√©utilis;;
Valeurs valides;0;NO TO: Je souhaite m‚Äôengager dans le mouvement z√©ro d√©;1277;
;1;Je souhaite m‚Äôengager dans le mouvement z√©ro d√©;304;
Valeurs manquantes;Syst√®m;;421;
;;;;
Q10Br96;;;;
;;Valeur;Nombre;
Attributs standard;Libell√;Q10Br96: Autres (pr√©ciser) - Quelles sont les principales raisons qui vous pousseraient √† faire une √©picerie en vrac, avec des contenants r√©utilisabl;;
Valeurs valides;0;NO TO: Autres (pr√©ciser;1574;
;1;Autres (pr√©ciser;7;
Valeurs manquantes;Syst√®m;;421;
;;;;
Q10Br97;;;;
;;Valeur;Nombre;
Attributs standard;Libell√;Q10Br97: Aucune raison en particulier / je ne suis pas int√©ress√©(e) - Quelles sont les principales raisons qui vous pousseraient √† faire une √©picerie en vrac, avec des contenants r√©utilisab;;
Valeurs valides;0;NO TO: Aucune raison en particulier / je ne suis pas int√©ress√©(;1570;
;1;Aucune raison en particulier / je ne suis pas int√©ress√©(;11;
Valeurs manquantes;Syst√®m;;421;
;;;;
Q11r1;;;;
;;Valeur;Nombre;
Attributs standard;Libell√;Q11r1: Prot√©ger le produit - Quels crit√®res li√©s aux emballages influencent le choix des produits que vous consomme;;
Valeurs valides;0;NO TO: Prot√©ger le produi;1357;
;1;Prot√©ger le produi;645;
;;;;
Q11r2;;;;
;;Valeur;Nombre;
Attributs standard;Libell√;Q11r2: Fournir des informations (marque, valeur nutritionnelle, origine, date de p√©remption, etc.) - Quels crit√®res li√©s aux emballages influencent le choix des produits que vous consomme;;
Valeurs valides;0;NO TO: Fournir des informations (marque, valeur nutritionnelle, origine, date de p√©remption, etc.;1029;
;1;Fournir des informations (marque, valeur nutritionnelle, origine, date de p√©remption, etc.;973;
;;;;
Q11r3;;;;
;;Valeur;Nombre;
Attributs standard;Libell√;Q11r3: √ätre visuellement esth√©tiques - Quels crit√®res li√©s aux emballages influencent le choix des produits que vous consomm;;
Valeurs valides;0;NO TO: √ätre visuellement esth√©tiqu;1755;
;1; tre visuellement esthÈtiques;247;
;;;;
Q11r4;;;;
;;Valeur;Nombre;
Attributs standard;Libell√;Q11r4: Assurer l‚Äôhygi√®ne du produit qu‚Äôils contiennent - Quels crit√®res li√©s aux emballages influencent le choix des produits que vous cons;;
Valeurs valides;0;NO TO: Assurer l‚Äôhygi√®ne du produit qu‚Äôils contie;1317;
;1;Assurer l‚Äôhygi√®ne du produit qu‚Äôils contie;685;
;;;;
Q11r5;;;;
;;Valeur;Nombre;
Attributs standard;Libell√;Q11r5: Permettre le fractionnement en portions - Quels crit√®res li√©s aux emballages influencent le choix des produits que vous consommez;;
Valeurs valides;0;NO TO: Permettre le fractionnement en portions;1771;
;1;Permettre le fractionnement en portions;231;
;;;;
Q11r6;;;;
;;Valeur;Nombre;
Attributs standard;Libell√;Q11r6: Permettre de refermer un paquet - Quels crit√®res li√©s aux emballages influencent le choix des produits que vous consommez;;
Valeurs valides;0;NO TO: Permettre de refermer un paquet;1493;
;1;Permettre de refermer un paquet;509;
;;;;
Q11r7;;;;
;;Valeur;Nombre;
Attributs standard;Libell√;Q11r7: √ätre recyclables - Quels crit√®res li√©s aux emballages influencent le choix des produits que vous consomme;;
Valeurs valides;0;NO TO: √ätre recyclable;1353;
;1; tre recyclables;649;
;;;;
Q11r8;;;;
;;Valeur;Nombre;
Attributs standard;Libell√;Q11r8: √ätre compostables - Quels crit√®res li√©s aux emballages influencent le choix des produits que vous consomme;;
Valeurs valides;0;NO TO: √ätre compostable;1754;
;1; tre compostables;248;
;;;;
Q11r9;;;;
;;Valeur;Nombre;
Attributs standard;Libell√;Q11r9: √ätre d'une marque reconnue - Quels crit√®res li√©s aux emballages influencent le choix des produits que vous consomme;;
Valeurs valides;0;NO TO: √ätre d'une marque reconnu;1811;
;1; tre d'une marque reconnue;191;
;;;;
Q11r10;;;;
;;Valeur;Nombre;
Attributs standard;Libell√;Q11r10: √ätre r√©utilisables - Quels crit√®res li√©s aux emballages influencent le choix des produits que vous consomm;;
Valeurs valides;0;NO TO: √ätre r√©utilisabl;1801;
;1; tre rÈutilisables;201;
;;;;
Q11r11;;;;
;;Valeur;Nombre;
Attributs standard;Libell√;Q11r11: √ätre r√©duits au minimum - Quels crit√®res li√©s aux emballages influencent le choix des produits que vous consomm;;
Valeurs valides;0;NO TO: √ätre r√©duits au minim;1587;
;1; tre rÈduits au minimum;415;
;;;;
Q11r12;;;;
;;Valeur;Nombre;
Attributs standard;Libell√;Q11r12: √ätre respectueux de l‚Äôenvironnement - Quels crit√®res li√©s aux emballages influencent le choix des produits que vous consom;;
Valeurs valides;0;NO TO: √ätre respectueux de l‚Äôenvironnem;1740;
;1; tre respectueux de lenvironnement;262;
;;;;
Q11r97;;;;
;;Valeur;Nombre;
Attributs standard;Libell√;Q11r97: Aucun - Quels crit√®res li√©s aux emballages influencent le choix des produits que vous consommez;;
Valeurs valides;0;NO TO: Aucun;1931;
;1;Aucun;71;
;;;;
Q12A2;;;;
;;Valeur;Nombre;
Attributs standard;Libell√;Q12A2: Option 1 par rapport √† l‚Äôoption de base?: en vrac avec votre propre contenant [condiment_2.png] Si votre √©picerie habituelle offre ce produit en vrac, quel prix accepteriez-vous de payer pour la m√™me quantit√© de ce produit (375 ml) en;;
Valeurs valides;,00;;75;
;,10;;16;
;,20;;8;
;,30;;3;
;,40;;4;
;,50;;1;
;,60;;1;
;,70;;3;
;,80;;4;
;,90;;1;
;1,00;;29;
;1,10;;8;
;1,20;;3;
;1,30;;6;
;1,40;;5;
;1,50;;31;
;1,60;;3;
;1,70;;14;
;1,80;;17;
;1,90;;13;
;2,00;;174;
;2,10;;24;
;2,20;;24;
;2,30;;20;
;2,40;;29;
;2,50;;120;
;2,60;;28;
;2,70;;33;
;2,75;;6;
;2,80;;40;
;2,90;;26;
;3,00;;232;
;3,10;;25;
;3,20;;30;
;3,25;;1;
;3,30;;21;
;3,40;;17;
;3,50;;79;
;3,60;;8;
;3,70;;7;
;3,80;;8;
;3,90;;8;
;4,00;;275;
;4,10;;7;
;4,20;;4;
;4,30;;10;
;4,40;;9;
;4,50;;7;
;4,60;;2;
;4,70;;4;
;4,80;;5;
;4,90;;5;
;5,00;;22;
;5,10;;3;
;5,20;;8;
;5,30;;11;
;5,40;;5;
;5,50;;6;
;5,60;;7;
;5,70;;3;
;5,80;;8;
;5,90;;4;
;6,00;;11;
;6,10;;5;
;6,20;;6;
;6,30;;3;
;6,40;;3;
;6,50;;3;
;6,60;;2;
;6,70;;1;
;6,80;;1;
;6,90;;3;
;7,10;;1;
;7,20;;3;
;7,50;;4;
;7,60;;2;
;7,70;;3;
;7,80;;1;
;8,00;;6;
;999,00;;336;
;;;;
Q12A3;;;;
;;Valeur;Nombre;
Attributs standard;Libell√;Q12A3: Option 2 par rapport √† l‚Äôoption de base : En vrac avec un contenant consign√© [condiment_3.png] Si votre √©picerie habituelle offre ce produit en vrac, quel prix accepteriez-vous de payer pour la m√™me quantit√© de ce produit (375 ml) en ;;
Valeurs valides;,00;;67;
;,10;;19;
;,20;;11;
;,30;;2;
;,40;;2;
;,50;;2;
;,60;;3;
;,70;;2;
;,80;;7;
;,90;;10;
;1,00;;26;
;1,10;;3;
;1,20;;8;
;1,30;;6;
;1,40;;8;
;1,50;;24;
;1,60;;7;
;1,70;;11;
;1,80;;8;
;1,90;;19;
;2,00;;91;
;2,10;;20;
;2,20;;10;
;2,30;;14;
;2,40;;23;
;2,50;;76;
;2,60;;16;
;2,70;;27;
;2,75;;3;
;2,80;;30;
;2,90;;29;
;3,00;;221;
;3,10;;34;
;3,20;;38;
;3,25;;4;
;3,30;;37;
;3,40;;28;
;3,50;;78;
;3,60;;16;
;3,70;;16;
;3,75;;1;
;3,80;;8;
;3,90;;18;
;4,00;;288;
;4,10;;5;
;4,20;;11;
;4,30;;11;
;4,40;;6;
;4,50;;14;
;4,60;;6;
;4,70;;3;
;4,80;;9;
;4,90;;2;
;5,00;;30;
;5,10;;12;
;5,20;;7;
;5,30;;7;
;5,40;;10;
;5,50;;6;
;5,60;;4;
;5,70;;2;
;5,80;;6;
;5,90;;5;
;6,00;;6;
;6,10;;8;
;6,20;;3;
;6,30;;10;
;6,40;;6;
;6,50;;2;
;6,70;;2;
;6,80;;3;
;6,90;;3;
;7,00;;6;
;7,10;;1;
;7,20;;1;
;7,30;;1;
;7,60;;1;
;7,80;;1;
;7,90;;2;
;8,00;;8;
;999,00;;408;
;;;;
Q12B2;;;;
;;Valeur;Nombre;
Attributs standard;Libell√;Q12B2: Option 1?par rapport √† l‚Äôoption de base : En vrac avec votre propre contenant [amande_2.png] Si votre √©picerie habituelle offre ce produit en vrac, quel prix accepteriez-vous de payer pour la m√™me quantit√© de ce produit (325 g d‚Äô;;
Valeurs valides;,00;;44;
;,10;;7;
;,20;;6;
;,30;;2;
;,40;;2;
;,50;;2;
;,60;;3;
;,80;;0;
;,90;;3;
;1,00;;2;
;1,10;;2;
;1,20;;1;
;1,40;;4;
;1,50;;1;
;1,60;;1;
;1,70;;2;
;1,90;;1;
;2,00;;1;
;2,10;;1;
;2,20;;2;
;2,40;;3;
;2,50;;3;
;2,60;;1;
;2,70;;1;
;2,80;;1;
;2,90;;1;
;3,00;;6;
;3,10;;2;
;3,20;;0;
;3,30;;1;
;3,50;;5;
;3,60;;2;
;3,70;;1;
;3,80;;1;
;3,90;;1;
;4,00;;12;
;4,10;;4;
;4,20;;2;
;4,30;;1;
;4,40;;5;
;4,50;;6;
;4,60;;3;
;4,70;;2;
;4,80;;7;
;4,90;;2;
;5,00;;38;
;5,10;;5;
;5,20;;3;
;5,30;;4;
;5,40;;7;
;5,50;;5;
;5,60;;6;
;5,70;;8;
;5,80;;3;
;5,90;;9;
;6,00;;56;
;6,10;;5;
;6,20;;6;
;6,30;;9;
;6,40;;6;
;6,50;;15;
;6,60;;4;
;6,70;;6;
;6,80;;7;
;6,90;;5;
;7,00;;37;
;7,10;;17;
;7,20;;16;
;7,30;;8;
;7,40;;7;
;7,50;;20;
;7,60;;7;
;7,70;;10;
;7,80;;12;
;7,90;;5;
;8,00;;118;
;8,10;;12;
;8,20;;14;
;8,30;;13;
;8,40;;5;
;8,50;;29;
;8,60;;10;
;8,70;;16;
;8,80;;8;
;8,90;;12;
;9,00;;75;
;9,10;;11;
;9,20;;12;
;9,30;;15;
;9,40;;9;
;9,50;;29;
;9,60;;5;
;9,70;;4;
;9,80;;18;
;9,90;;16;
;10,00;;208;
;10,10;;16;
;10,20;;15;
;10,30;;6;
;10,40;;9;
;10,50;;24;
;10,60;;10;
;10,70;;12;
;10,80;;9;
;10,90;;8;
;11,00;;70;
;11,10;;6;
;11,20;;8;
;11,30;;7;
;11,40;;3;
;11,50;;14;
;11,60;;5;
;11,70;;1;
;11,80;;7;
;11,90;;6;
;12,00;;224;
;12,10;;2;
;12,20;;1;
;12,30;;2;
;12,50;;1;
;12,60;;4;
;12,70;;4;
;12,80;;4;
;12,90;;3;
;13,00;;4;
;13,10;;5;
;13,30;;0;
;13,40;;0;
;13,50;;2;
;13,60;;8;
;13,70;;1;
;13,80;;3;
;13,90;;2;
;14,00;;4;
;14,10;;0;
;14,20;;1;
;14,30;;6;
;14,50;;2;
;14,60;;2;
;14,70;;5;
;14,80;;2;
;14,90;;1;
;15,00;;5;
;15,10;;1;
;15,20;;1;
;15,30;;3;
;15,40;;2;
;15,50;;2;
;15,60;;1;
;15,80;;2;
;15,90;;4;
;16,00;;3;
;16,10;;5;
;16,30;;1;
;16,40;;3;
;16,50;;5;
;16,60;;1;
;16,70;;1;
;17,00;;2;
;17,10;;3;
;17,20;;1;
;17,30;;1;
;17,40;;3;
;17,50;;4;
;17,60;;0;
;17,70;;2;
;17,80;;1;
;18,00;;1;
;18,10;;1;
;18,20;;1;
;18,30;;1;
;18,40;;1;
;18,60;;2;
;18,70;;1;
;18,80;;0;
;19,60;;1;
;19,70;;1;
;20,00;;1;
;20,30;;1;
;20,50;;1;
;20,70;;1;
;20,80;;0;
;21,20;;2;
;21,50;;2;
;22,50;;0;
;22,60;;1;
;22,90;;2;
;23,70;;2;
;24,00;;5;
;999,00;;241;
;;;;
Q12B3;;;;
;;Valeur;Nombre;
Attributs standard;Libell√;Q12B3: Option 2?par rapport √† l‚Äôoption de base : En vrac avec un contenant consign√© [amande_3.png] Si votre √©picerie habituelle offre ce produit en vrac, quel prix accepteriez-vous de payer pour la m√™me quantit√© de ce produit (325 g d‚Ä;;
Valeurs valides;,00;;61;
;,10;;8;
;,20;;5;
;,30;;3;
;,40;;5;
;,50;;2;
;,60;;1;
;,70;;4;
;,80;;1;
;,90;;1;
;1,00;;2;
;1,10;;1;
;1,20;;1;
;1,30;;1;
;1,40;;2;
;1,50;;1;
;1,60;;1;
;1,70;;4;
;1,90;;1;
;2,00;;4;
;2,10;;3;
;2,20;;1;
;2,30;;4;
;2,40;;1;
;2,70;;2;
;3,00;;2;
;3,10;;7;
;3,20;;2;
;3,30;;1;
;3,40;;3;
;3,50;;5;
;3,60;;1;
;3,80;;8;
;3,90;;2;
;4,00;;11;
;4,10;;2;
;4,20;;4;
;4,30;;3;
;4,40;;1;
;4,50;;4;
;4,60;;1;
;4,80;;5;
;4,90;;2;
;5,00;;24;
;5,10;;3;
;5,20;;1;
;5,30;;4;
;5,40;;6;
;5,50;;7;
;5,60;;11;
;5,70;;6;
;5,80;;13;
;5,90;;7;
;6,00;;30;
;6,10;;2;
;6,20;;7;
;6,30;;6;
;6,40;;2;
;6,50;;8;
;6,60;;7;
;6,70;;4;
;6,80;;1;
;6,90;;17;
;7,00;;39;
;7,10;;1;
;7,20;;11;
;7,30;;8;
;7,40;;9;
;7,50;;15;
;7,60;;6;
;7,70;;9;
;7,80;;10;
;7,90;;11;
;8,00;;76;
;8,10;;9;
;8,20;;24;
;8,30;;8;
;8,40;;12;
;8,50;;27;
;8,60;;10;
;8,70;;11;
;8,80;;12;
;8,90;;15;
;9,00;;78;
;9,10;;15;
;9,20;;15;
;9,30;;11;
;9,40;;14;
;9,50;;31;
;9,60;;18;
;9,70;;7;
;9,80;;9;
;9,90;;14;
;10,00;;150;
;10,10;;23;
;10,20;;19;
;10,25;;1;
;10,30;;13;
;10,40;;9;
;10,50;;34;
;10,60;;17;
;10,70;;10;
;10,80;;9;
;10,90;;8;
;11,00;;72;
;11,10;;10;
;11,20;;0;
;11,30;;9;
;11,40;;1;
;11,50;;19;
;11,60;;3;
;11,70;;3;
;11,90;;3;
;12,00;;230;
;12,20;;2;
;12,40;;0;
;12,50;;10;
;12,60;;2;
;12,80;;1;
;13,00;;17;
;13,20;;1;
;13,30;;1;
;13,40;;3;
;13,50;;2;
;13,60;;3;
;13,70;;1;
;13,80;;3;
;13,90;;2;
;14,00;;3;
;14,10;;5;
;14,20;;5;
;14,30;;1;
;14,40;;8;
;14,50;;2;
;14,60;;2;
;14,70;;4;
;14,80;;3;
;14,90;;3;
;15,00;;9;
;15,10;;6;
;15,20;;4;
;15,30;;3;
;15,40;;4;
;15,50;;1;
;15,60;;2;
;15,70;;1;
;15,80;;2;
;15,90;;1;
;16,00;;1;
;16,10;;1;
;16,20;;1;
;16,30;;2;
;16,40;;1;
;16,50;;1;
;16,60;;2;
;16,70;;2;
;16,90;;3;
;17,00;;2;
;17,10;;2;
;17,20;;3;
;17,60;;3;
;17,80;;1;
;18,00;;1;
;18,10;;2;
;18,30;;2;
;18,40;;1;
;18,50;;1;
;19,00;;0;
;19,10;;3;
;19,20;;1;
;19,30;;2;
;19,60;;0;
;19,80;;1;
;19,90;;0;
;20,10;;1;
;20,40;;2;
;20,50;;1;
;20,60;;2;
;20,80;;1;
;21,10;;1;
;21,20;;1;
;21,40;;1;
;21,60;;2;
;21,70;;1;
;24,00;;4;
;999,00;;305;
;;;;
Q12C2;;;;
;;Valeur;Nombre;
Attributs standard;Libell√;Q12C2: Option 1?par rapport √† l‚Äôoption de base : En vrac avec votre propre contenant [lessive_2.png] Si votre √©picerie habituelle offre ce produit en vrac, quel prix accepteriez-vous de payer pour la m√™me quantit√© de ce produit (2,2 l) en vr;;
Valeurs valides;,00;;50;
;,10;;7;
;,20;;9;
;,30;;0;
;,50;;2;
;,60;;1;
;,70;;1;
;,80;;5;
;,90;;1;
;1,00;;2;
;1,10;;1;
;1,40;;3;
;1,50;;4;
;1,60;;2;
;1,80;;1;
;1,90;;3;
;2,00;;7;
;2,10;;4;
;2,20;;7;
;2,40;;4;
;2,50;;3;
;2,60;;1;
;2,70;;4;
;2,80;;4;
;2,90;;4;
;3,00;;11;
;3,10;;5;
;3,20;;3;
;3,30;;5;
;3,40;;7;
;3,50;;7;
;3,60;;3;
;3,70;;7;
;3,80;;3;
;3,90;;7;
;4,00;;79;
;4,10;;13;
;4,20;;13;
;4,30;;9;
;4,40;;9;
;4,50;;16;
;4,60;;10;
;4,70;;7;
;4,80;;6;
;4,90;;15;
;5,00;;131;
;5,10;;17;
;5,20;;14;
;5,30;;14;
;5,40;;23;
;5,50;;45;
;5,60;;13;
;5,70;;13;
;5,80;;31;
;5,90;;15;
;6,00;;224;
;6,10;;31;
;6,20;;22;
;6,30;;17;
;6,40;;21;
;6,50;;79;
;6,60;;13;
;6,70;;16;
;6,80;;19;
;6,90;;26;
;7,00;;107;
;7,10;;13;
;7,20;;12;
;7,30;;7;
;7,40;;8;
;7,50;;28;
;7,60;;10;
;7,70;;5;
;7,80;;1;
;7,90;;6;
;8,00;;241;
;8,10;;1;
;8,20;;1;
;8,30;;4;
;8,50;;4;
;8,60;;2;
;8,70;;3;
;8,80;;2;
;8,90;;1;
;9,00;;7;
;9,10;;4;
;9,20;;2;
;9,30;;2;
;9,40;;4;
;9,50;;9;
;9,60;;3;
;9,70;;5;
;9,80;;2;
;9,90;;6;
;10,00;;19;
;10,10;;3;
;10,20;;3;
;10,30;;4;
;10,40;;5;
;10,50;;4;
;10,60;;4;
;10,70;;2;
;10,80;;4;
;10,90;;2;
;11,00;;6;
;11,10;;2;
;11,20;;2;
;11,30;;2;
;11,40;;2;
;11,50;;4;
;11,60;;1;
;11,70;;1;
;11,90;;5;
;12,00;;5;
;12,20;;3;
;12,30;;2;
;12,40;;1;
;12,50;;1;
;12,60;;3;
;12,70;;1;
;12,80;;1;
;13,00;;1;
;13,10;;2;
;13,20;;1;
;13,60;;2;
;14,00;;2;
;14,10;;2;
;14,20;;1;
;14,70;;1;
;14,80;;1;
;15,40;;2;
;15,50;;0;
;15,70;;1;
;15,90;;2;
;16,00;;10;
;999,00;;233;
;;;;
Q12C3;;;;
;;Valeur;Nombre;
Attributs standard;Libell√;Q12C3: Option 2?par rapport √† l‚Äôoption de base : En vrac avec un contenant consign√© [lessive_3.png] Si votre √©picerie habituelle offre ce produit en vrac, quel prix accepteriez-vous de payer pour la m√™me quantit√© de ce produit (2,2 l) en v;;
Valeurs valides;,00;;62;
;,10;;14;
;,20;;9;
;,30;;1;
;,40;;3;
;,50;;2;
;,90;;1;
;1,00;;7;
;1,10;;1;
;1,30;;0;
;1,40;;5;
;1,50;;3;
;1,60;;2;
;1,70;;4;
;1,90;;1;
;2,00;;6;
;2,10;;1;
;2,20;;4;
;2,30;;1;
;2,40;;4;
;2,50;;4;
;2,60;;3;
;2,70;;2;
;2,80;;1;
;2,90;;4;
;3,00;;8;
;3,10;;3;
;3,20;;10;
;3,30;;8;
;3,40;;2;
;3,50;;6;
;3,60;;1;
;3,70;;6;
;3,80;;2;
;3,90;;10;
;4,00;;40;
;4,10;;19;
;4,20;;5;
;4,30;;9;
;4,40;;8;
;4,50;;28;
;4,60;;6;
;4,70;;9;
;4,80;;9;
;4,90;;7;
;5,00;;71;
;5,10;;19;
;5,20;;22;
;5,30;;13;
;5,40;;14;
;5,45;;0;
;5,50;;34;
;5,60;;19;
;5,70;;27;
;5,80;;15;
;5,90;;17;
;6,00;;175;
;6,10;;30;
;6,20;;24;
;6,30;;25;
;6,40;;30;
;6,50;;63;
;6,60;;16;
;6,70;;13;
;6,80;;24;
;6,90;;32;
;7,00;;144;
;7,10;;20;
;7,20;;18;
;7,30;;11;
;7,40;;12;
;7,50;;19;
;7,60;;4;
;7,70;;3;
;7,80;;3;
;7,90;;4;
;8,00;;237;
;8,10;;4;
;8,30;;2;
;8,40;;3;
;8,50;;9;
;8,60;;5;
;8,70;;1;
;8,80;;4;
;8,90;;3;
;9,00;;12;
;9,10;;3;
;9,20;;5;
;9,30;;3;
;9,40;;2;
;9,50;;11;
;9,70;;5;
;9,80;;3;
;9,90;;2;
;10,00;;17;
;10,10;;4;
;10,20;;9;
;10,30;;13;
;10,40;;5;
;10,50;;4;
;10,60;;2;
;10,70;;2;
;10,80;;3;
;10,90;;2;
;11,00;;7;
;11,10;;5;
;11,20;;2;
;11,40;;3;
;11,50;;3;
;11,60;;1;
;11,70;;1;
;11,90;;3;
;12,00;;4;
;12,10;;3;
;12,20;;4;
;12,30;;2;
;12,40;;1;
;12,50;;1;
;12,60;;1;
;12,70;;1;
;12,80;;0;
;12,90;;3;
;13,00;;1;
;13,10;;2;
;13,30;;1;
;13,40;;1;
;13,50;;2;
;13,60;;0;
;13,80;;1;
;14,00;;1;
;14,10;;2;
;14,30;;1;
;14,50;;3;
;14,70;;1;
;14,80;;1;
;14,90;;2;
;15,10;;1;
;15,30;;2;
;15,60;;2;
;15,80;;1;
;15,90;;1;
;16,00;;4;
;999,00;;292;
;;;;
Q13r1;;;;
;;Valeur;Nombre;
Attributs standard;Libell√;Q13r1: Les gouvernements - Classez en ordre de priorit√©, qui, selon vous, d√©tient la responsabilit√© de faire avancer le d√©veloppement du vrac dans les √©pice;;
Valeurs valides;1;1 - Plus prioritaire;336;
;2;2;266;
;3;3;467;
;4;4 - Moins prioritaire;933;
;;;;
Q13r2;;;;
;;Valeur;Nombre;
Attributs standard;Libell√;Q13r2: Les manufacturiers (producteurs) - Classez en ordre de priorit√©, qui, selon vous, d√©tient la responsabilit√© de faire avancer le d√©veloppement du vrac dans les √©pice;;
Valeurs valides;1;1 - Plus prioritaire;763;
;2;2;688;
;3;3;425;
;4;4 - Moins prioritaire;126;
;;;;
Q13r3;;;;
;;Valeur;Nombre;
Attributs standard;Libell√;Q13r3: Les d√©taillants (commerces) - Classez en ordre de priorit√©, qui, selon vous, d√©tient la responsabilit√© de faire avancer le d√©veloppement du vrac dans les √©pic;;
Valeurs valides;1;1 - Plus prioritaire;578;
;2;2;777;
;3;3;512;
;4;4 - Moins prioritaire;135;
;;;;
Q13r4;;;;
;;Valeur;Nombre;
Attributs standard;Libell√;Q13r4: La population - Classez en ordre de priorit√©, qui, selon vous, d√©tient la responsabilit√© de faire avancer le d√©veloppement du vrac dans les √©pice;;
Valeurs valides;1;1 - Plus prioritaire;325;
;2;2;271;
;3;3;598;
;4;4 - Moins prioritaire;809;
;;;;
Q14;;;;
;;Valeur;Nombre;
Attributs standard;Libell√;Q14: Les √©piceries ¬´ traditionnelles ¬ª devraient-elles offrir des options de produits en vr;;
Valeurs valides;1;Oui, obligatoirement;432;
;2;Oui, sur une base volontaire;1318;
;3;Non;92;
;4;Pas d‚Äôopini;159;
;;;;
Q15;;;;
;;Valeur;Nombre;
Attributs standard;Libell√;Q15: Les √©piceries devraient-elles offrir un syst√®me de consigne de contenants r√©utilisables pour permettre l‚Äôachat de leurs produits en ;;
Valeurs valides;1;Oui, toutes les √©picerie;516;
;2;Oui, surtout les grandes cha√Ænes d‚Äô√©pic;923;
;3;Non;226;
;4;Pas d‚Äôopini;337;
;;;;
Q16r1;;;;
;;Valeur;Nombre;
Attributs standard;Libell√;Q16r1: Imposer un prix plus √©lev√© pour l‚Äôutilisation de contenants et emballages √† usage unique - Indiquez dans quelle mesure vous √™tes d‚Äôaccord avec l‚Äôefficacit√© des mesures publiques suivantes pour r√©duire la quantit√© de d√©;;
Valeurs valides;1;Tout √† fait inefficac;365;
;2;Inefficace;509;
;3;Plus ou moins efficace;756;
;4;Efficace;269;
;5;Tout √† fait efficac;103;
;;;;
Q16r2;;;;
;;Valeur;Nombre;
Attributs standard;Libell√;Q16r2: Interdire les emballages pour des produits qui n‚Äôen n√©cessitent pas - Indiquez dans quelle mesure vous √™tes d‚Äôaccord avec l‚Äôefficacit√© des mesures publiques suivantes pour r√©duire la quantit√© de d√©chet;;
Valeurs valides;1;Tout √† fait inefficac;149;
;2;Inefficace;253;
;3;Plus ou moins efficace;674;
;4;Efficace;569;
;5;Tout √† fait efficac;357;
;;;;
Q16r3;;;;
;;Valeur;Nombre;
Attributs standard;Libell√;Q16r3: Interdire les articles √† usage unique - Indiquez dans quelle mesure vous √™tes d‚Äôaccord avec l‚Äôefficacit√© des mesures publiques suivantes pour r√©duire la quantit√© de d√©chets ;;
Valeurs valides;1;Tout √† fait inefficac;292;
;2;Inefficace;409;
;3;Plus ou moins efficace;654;
;4;Efficace;378;
;5;Tout √† fait efficac;269;
;;;;
Q16r4;;;;
;;Valeur;Nombre;
Attributs standard;Libell√;Q16r4: Soutenir des entreprises ou des commerces qui fournissent des contenants r√©utilisables contre une consigne - Indiquez dans quelle mesure vous √™tes d‚Äôaccord avec l‚Äôefficacit√© des mesures publiques suivantes pour r√©duire la quantit√;;
Valeurs valides;1;Tout √† fait inefficac;111;
;2;Inefficace;178;
;3;Plus ou moins efficace;725;
;4;Efficace;675;
;5;Tout √† fait efficac;313;
;;;;
Q16r5;;;;
;;Valeur;Nombre;
Attributs standard;Libell√;Q16r5: Obliger les producteurs √† payer pour le recyclage des emballages des produits qu‚Äôils mettent sur le march√© - Indiquez dans quelle mesure vous √™tes d‚Äôaccord avec l‚Äôefficacit√© des mesures publiques suivantes pour r√©duire la qua;;
Valeurs valides;1;Tout √† fait inefficac;164;
;2;Inefficace;305;
;3;Plus ou moins efficace;680;
;4;Efficace;511;
;5;Tout √† fait efficac;341;
;;;;
Q16r6;;;;
;;Valeur;Nombre;
Attributs standard;Libell√;Q16r6: Mener des campagnes de sensibilisation sur la r√©duction √† la source et la r√©utilisation de contenants aupr√®s des citoyen.ne.s et des d√©taillants - Indiquez dans quelle mesure vous √™tes d‚Äôaccord avec l‚Äôefficacit√© des mesures pu;;
Valeurs valides;1;Tout √† fait inefficac;129;
;2;Inefficace;248;
;3;Plus ou moins efficace;822;
;4;Efficace;570;
;5;Tout √† fait efficac;233;
;;;;
Q16r7;;;;
;;Valeur;Nombre;
Attributs standard;Libell√;Q16r7: Conseiller les d√©taillants sur les options d‚Äôoffres de produits en vrac - Indiquez dans quelle mesure vous √™tes d‚Äôaccord avec l‚Äôefficacit√© des mesures publiques suivantes pour r√©duire la quantit√© de d√©chet;;
Valeurs valides;1;Tout √† fait inefficac;96;
;2;Inefficace;201;
;3;Plus ou moins efficace;787;
;4;Efficace;682;
;5;Tout √† fait efficac;237;
;;;;
Q17r1;;;;
;;Valeur;Nombre;
Attributs standard;Libell√;Q17r1: Je me soucie de l‚Äôenvironnement - Dans quelle mesure √™tes-vous d‚Äôaccord avec les affirmations suivan;;
Valeurs valides;1;Tout √† fait en d√©sacco;30;
;2;En d√©saccor;41;
;3;Ni d‚Äôaccord ni pas d‚Äôac;225;
;4;D‚Äôacco;987;
;5;Tout √† fait d‚Äôacc;719;
;;;;
Q17r2;;;;
;;Valeur;Nombre;
Attributs standard;Libell√;Q17r2: Je me soucie de la quantit√© de d√©chets g√©n√©r√©e par ma consommation - Dans quelle mesure √™tes-vous d‚Äôaccord avec les affirmations sui;;
Valeurs valides;1;Tout √† fait en d√©sacco;32;
;2;En d√©saccor;72;
;3;Ni d‚Äôaccord ni pas d‚Äôac;318;
;4;D‚Äôacco;963;
;5;Tout √† fait d‚Äôacc;618;
;;;;
Q17r3;;;;
;;Valeur;Nombre;
Attributs standard;Libell√;Q17r3: La pand√©mie de COVID-19 a augment√© ma sensibilit√© aux enjeux environnementaux - Dans quelle mesure √™tes-vous d‚Äôaccord avec les affirmations suiva;;
Valeurs valides;1;Tout √† fait en d√©sacco;184;
;2;En d√©saccor;309;
;3;Ni d‚Äôaccord ni pas d‚Äôac;700;
;4;D‚Äôacco;521;
;5;Tout √† fait d‚Äôacc;289;
;;;;
Q17r4;;;;
;;Valeur;Nombre;
Attributs standard;Libell√;Q17r4: Je trouve plus difficile de r√©duire ma consommation de produits en plastique √† usage unique qu‚Äôavant la pand√©mie de COVID-19 - Dans quelle mesure √™tes-vous d‚Äôaccord avec les affirmations sui;;
Valeurs valides;1;Tout √† fait en d√©sacco;176;
;2;En d√©saccor;381;
;3;Ni d‚Äôaccord ni pas d‚Äôac;717;
;4;D‚Äôacco;491;
;5;Tout √† fait d‚Äôacc;236;
;;;;
Q17B;;;;
;;Valeur;Nombre;
Attributs standard;Libell√;Q17B: Durant la pand√©mie de COVID-19, de nombreux produits √† usage unique en plastique ont √©t√© utilis√©s par la population, venant ainsi exacerber les enjeux de pollution plastique d√©j√† pr√©sents. La gestion des d√©chets, incluant celle en;;
Valeurs valides;1;Sans opinion;699;
;2;Je ne souhaite pas payer une contribution pour am√©liorer la pr√©vention et la gestion des d√©chets lors de futures c;798;
;3;Je suis pr√™t.e √† contribuer, via mes taxes (municipales ou provinciales), pour un montant annuel, r√©current pendan;310;
;4;Je suis pr√™t.e √† contribuer, via mes taxes (municipales ou provinciales), pour un montant forfaitaire (une seule con;195;
;;;;
Q17C;;;;
;;Valeur;Nombre;
Attributs standard;Libell√;Q17C: Quel montant seriez-vous pr√™t.e √† contribuer via vos taxes (municipales ou provinciales) de mani√®re r√©currente pendant les 3 prochaines ann;;
Valeurs valides;1;1‚Äì10;39;
;2;11‚Äì20;53;
;3;21-50 $;80;
;4;51-75 $;49;
;5;76-100$;46;
;6;101-200 $;28;
;7;201-500 $;8;
;8;Plus de 500 $;8;
Valeurs manquantes;Syst√®m;;1692;
;;;;
Q17D;;;;
;;Valeur;Nombre;
Attributs standard;Libell√;Q17D: Quel montant forfaitaire seriez-vous pr√™t.e √† contribuer via vos taxes (municipales ou provinciales;;
Valeurs valides;1;1‚Äì10;20;
;2;11‚Äì20;28;
;3;21-50 $;64;
;4;51-75 $;28;
;5;76-100$;32;
;6;101-200 $;15;
;7;201-500 $;5;
;8;Plus de 500 $;2;
Valeurs manquantes;Syst√®m;;1807;
;;;;
Q18r1;;;;
;;Valeur;Nombre;
Attributs standard;Libell√;Q18r1: La pr√©tendue ¬´ crise √©cologique ¬ª qui guette le genre humain a √©t√© largement exag√©r√©e - Dans quelle mesure √™tes-vous d‚Äôaccord avec les affirmations ;;
Valeurs valides;1;Tout √† fait en d√©sacco;621;
;2;En d√©saccor;585;
;3;Ni en d√©saccord ‚Äì ni en acc;426;
;4;D‚Äôacco;252;
;5;Tout √† fait d‚Äôacc;119;
;;;;
Q18r2;;;;
;;Valeur;Nombre;
Attributs standard;Libell√;Q18r2: La terre poss√®derait une infinit√© de ressources si seulement nous savions comment en tirer mieux parti - Dans quelle mesure √™tes-vous d‚Äôaccord avec les affirmations suivan;;
Valeurs valides;1;Tout √† fait en d√©sacco;331;
;2;En d√©saccor;394;
;3;Ni en d√©saccord ‚Äì ni en acc;426;
;4;D‚Äôacco;606;
;5;Tout √† fait d‚Äôacc;245;
;;;;
Q18r3;;;;
;;Valeur;Nombre;
Attributs standard;Libell√;Q18r3: Si les choses continuent au rythme actuel, nous allons bient√¥t vivre une catastrophe √©cologique majeure - Dans quelle mesure √™tes-vous d‚Äôaccord avec les affirmations suivan;;
Valeurs valides;1;Tout √† fait en d√©sacco;72;
;2;En d√©saccor;170;
;3;Ni en d√©saccord ‚Äì ni en acc;424;
;4;D‚Äôacco;793;
;5;Tout √† fait d‚Äôacc;544;
;;;;
Q18r4;;;;
;;Valeur;Nombre;
Attributs standard;Libell√;Q18r4: L‚Äô√©quilibre de la nature est assez fort pour faire face aux effets des nations industrielles modernes - Dans quelle mesure √™tes-vous d‚Äôaccord avec les affirmations suiva;;
Valeurs valides;1;Tout √† fait en d√©sacco;483;
;2;En d√©saccor;681;
;3;Ni en d√©saccord ‚Äì ni en acc;513;
;4;D‚Äôacco;257;
;5;Tout √† fait d‚Äôacc;69;
;;;;
Q18r5;;;;
;;Valeur;Nombre;
Attributs standard;Libell√;Q18r5: Les √™tres humains sont en train de s√©rieusement malmener l‚Äôenvironnement - Dans quelle mesure √™tes-vous d‚Äôaccord avec les affirmations suiv;;
Valeurs valides;1;Tout √† fait en d√©sacco;64;
;2;En d√©saccor;89;
;3;Ni en d√©saccord ‚Äì ni en acc;272;
;4;D‚Äôacco;719;
;5;Tout √† fait d‚Äôacc;858;
;;;;
BORN;;;;
;;Valeur;Nombre;
Attributs standard;Libell√;BORN: √ätes-vous n√©.e au Canad;;
Valeurs valides;1;Oui;1657;
;2;Non;339;
;98;Je pr√©f√®re ne pas r√©pon;6;
;;;;
REVEN;;;;
;;Valeur;Nombre;
Attributs standard;Libell√;REVEN: Parmi les cat√©gories suivantes, laquelle refl√®te le mieux le revenu total avant imp√¥t de tous les membres de votre foyer pour l'ann√©e 2;;
Valeurs valides;1;Moins de 25 000 $;191;
;2;25 000 $ √† 29 999 ;86;
;3;30 000 $ √† 49 999 ;301;
;4;50 000 $ √† 59 999 ;173;
;5;60 000$ √† 69 999;159;
;6;70 000 $ √† 79 999 ;125;
;7;80 000$ √† 89 999;136;
;8;90 000$ √† 99 999;146;
;9;100 000 $ √† 124 999 ;201;
;10;125 000$ √† 149 999;121;
;11;150 000$ √† 199 999 ;102;
;12;Plus de 200 000 $;63;
;98;Je pr√©f√®re ne pas r√©pon;197;
;;;;
POL;;;;
;;Valeur;Nombre;
Attributs standard;Libell√;POL: Sur une √©chelle allant de 1 √† 7, o√π 1 = tr√®s progressiste et 7 = tr√®s conservateur, o√π vous situeriez-vous quant √† votre positionnement pol;;
Valeurs valides;1;1 Tr√®s progressist;111;
;2;2;223;
;3;3;314;
;4;4;544;
;5;5;324;
;6;6;146;
;7;7 Tr√®s conservateu;92;
;99;Je pr√©f√®re ne pas r√©pon;248;
;;;;
EMPLO;;;;
;;Valeur;Nombre;
Attributs standard;Libell√;EMPLO: Quelle est votre situation d'emploi actuelle?;;
Valeurs valides;1;Travailleur.euse √† temps plei;875;
;2;Travailleur.euse √† temps partie;243;
;3;…tudiant.e uniquement;93;
;4;…tudiant.e et travailleur.euse;34;
;5;Parent √† la maiso;62;
;6;Retrait√©.;529;
;7;Sans emploi;99;
;96;Autre;66;
;;;;
ETAT;;;;
;;Valeur;Nombre;
Attributs standard;Libell√;ETAT: Qu‚Äôest-ce qui d√©crit le mieux votre √©tat ci;;
Valeurs valides;1;C√©libatair;597;
;2;Union libre;299;
;3;Mari√©.;871;
;4;S√©par√©;32;
;5;Divorc√©.;125;
;6;Veuf.ve;68;
;98;Je pr√©f√®re ne pas r√©pon;11;
;;;;
PROP;;;;
;;Valeur;Nombre;
Attributs standard;Libell√;PROP: Dans quel type de logement habitez vous ?;;
Valeurs valides;1;Unifamiliale;1364;
;2;Plex, copropri√©t;308;
;3;8 logements et moins;137;
;4;9 logements et plus;193;
;;;;
PROP2;;;;
;;Valeur;Nombre;
Attributs standard;Libell√;PROP2: Concernant votre logement, vous √™tes?(‚;;
Valeurs valides;1;Propri√©tair;1236;
;2;Locataire;690;
;3;Domicili√©(e) chez mes parents/un membre de ma famill;41;
;96;Autre (par exemple : relation enfant-parent);2;
;98;Je pr√©f√®re ne pas r√©pon;33;
;;;;
COL;;;;
;;Valeur;Nombre;
Attributs standard;Libell√;COL: Dans quel type de collectivit√© vivez-vous actuellement;;
Valeurs valides;1;Un grand centre urbain (ex. Montr√©al, Toronto, Calgary, Vancouver;565;
;2;Une grande ville (ex. Qu√©bec, Ottawa, Winnipeg, Saskatoon;356;
;3;Une ville moyenne (ex. Trois-Rivi√®res, Guelph, Abbotsford, Red Deer;436;
;4;Une petite ville, un village ou une collectivit√© rural;630;
;98;Ne sais pas;15;
;;;;
COMMENTAIRE;;;;
;;Valeur;;
Attributs standard;Libell√;COMMENTAIRE: Avez-vous des commentaires ou suggestions √† nous transmettre? Votre confidentialit√© sera conserv√©e et les commentaires seront transmis int√©gralement √† l‚Äô√©quipe de recherche en charge du;;
